{
  "flutter": {
    "platforms": {
      "android": {
        "default": {
          "projectId": "nellingua",
          "appId": "1:1028355115505:android:904396574f24d1477fdc50",
          "fileOutput": "android/app/google-services.json"
        }
      },
      "dart": {
        "lib/firebase_options.dart": {
          "projectId": "nellingua",
          "configurations": {
            "android": "1:1028355115505:android:904396574f24d1477fdc50",
            "ios": "1:1028355115505:ios:e0d353238678a12b7fdc50"
          }
        }
      }
    }
  },
  "functions": [
    {
      "source": "functions",
      "codebase": "default",
      "ignore": [
        "node_modules",
        ".git",
        "firebase-debug.log",
        "firebase-debug.*.log",
        "*.local"
      ]
    }
  ]
}
