{
  "project_info": {
    "project_number": "1028355115505",
    "project_id": "nellingua",
    "storage_bucket": "nellingua.firebasestorage.app"
  },
  "client": [
    {
      "client_info": {
        "mobilesdk_app_id": "1:1028355115505:android:904396574f24d1477fdc50",
        "android_client_info": {
          "package_name": "com.example.nellingua"
        }
      },
      "oauth_client": [
        {
          "client_id": "1028355115505-hhnqdjl3nqadd7o42fmka1u0nljill2a.apps.googleusercontent.com",
          "client_type": 3
        }
      ],
      "api_key": [
        {
          "current_key": "AIzaSyDrSOJzHaaNJTzxfwKu_OZfxVEM2WNhuLA"
        }
      ],
      "services": {
        "appinvite_service": {
          "other_platform_oauth_client": [
            {
              "client_id": "1028355115505-hhnqdjl3nqadd7o42fmka1u0nljill2a.apps.googleusercontent.com",
              "client_type": 3
            },
            {
              "client_id": "1028355115505-o0ea4h7mb5sb12vp0uqdo2iuhbvk3slc.apps.googleusercontent.com",
              "client_type": 2,
              "ios_info": {
                "bundle_id": "com.example.nellingua"
              }
            }
          ]
        }
      }
    }
  ],
  "configuration_version": "1"
}