[
	{
		"sentence_id": "uk_pl_12345",
		"exercise_types": ["reading_and_wordchips", "reading_and_keyboard_input", "reading_and_speaking", "listening_and_wordchips", "listening_and_keyboard_input"],
		"foreign": {
			"default_options": [
				{
					"native_speakers_audio": [
						{
							"author": "Przemek Nowacki",
							"normal": "assets/audio/uk_pl_12345_0/uk_pl_12345_0_x1_przemek_nowacki.mp3",
							"a_little_bit_more_slowly": "assets/audio/uk_pl_12345_0/uk_pl_12345_0_x0,85_przemek_nowacki.mp3",
							"more_slowly": "assets/audio/uk_pl_12345_0/uk_pl_12345_0_x0,75_przemek_nowacki.mp3",
							"much_more_slowly": "assets/audio/uk_pl_12345_0/uk_pl_12345_0_x0,5_przemek_nowacki.mp3",
							"super_slowly": "assets/audio/uk_pl_12345_0/uk_pl_12345_0_x0,35_przemek_nowacki.mp3"
						}
					],
					"sentence": "Skierował się w stronę sklepu i przyspieszył kroku.",
					"highlighted_words": [
						{
							"from": 0,
							"to": 8,
							"wordID": "skierować",
							"translation_options": ["(він) попрямував (3-тя особа)", "(він) направив (3-тя особа)", "(він) скерував (3-тя особа)"]
						},
						{
							"from": 10,
							"to": 12,
							"wordID": "się",
							"translation_options": ["-ся/-сь", "себе", "собі", "один одного", "один одному"]
						},
						{
							"from": 14,
							"to": 14,
							"wordID": "w",
							"translation_options": ["(куди?) в (щось)", "(куди?) у (щось)", "до (когось, чогось) (про напрямок руху)"]
						},
						{
							"from": 16,
							"to": 21,
							"wordID": "strona",
							"translation_options": ["сторону (зн. відм.)"]
						},
						{
							"from": 23,
							"to": 28,
							"wordID": "sklep",
							"translation_options": ["магазину (род. відм.)"]
						},
						{
							"from": 30,
							"to": 30,
							"wordID": "i",
							"translation_options": ["і", "та", "й", "да"]
						},
						{
							"from": 32,
							"to": 43,
							"wordID": "przyspieszyć",
							"translation_options": ["(він) прискорив (3-тя особа)", "(він) приспішив (3-тя особа)", "(він) пришвидшив (3-тя особа)"]
						},
						{
							"from": 45,
							"to": 49,
							"wordID": "krok",
							"translation_options": ["кроку (род. відм.)"]
						}
					]
				}
			],
			"alternative_options": ["Skierował się do sklepu i przyśpieszył kroku.", "On skierował się do sklepu i przyśpieszył kroku."]
		},
		"native": {
			"default_options": [
				{
					"sentence": "Він попрямував до магазину і прискорив крок.",
					"highlighted_words": [
						{
							"from": 0,
							"to": 2,
							"translation_options": ["on"]
						},
						{
							"from": 4,
							"to": 13,
							"translation_options": ["skierował(em, eś, -) się", "poszedł(em, eś, -)"]
						},
						{
							"from": 15,
							"to": 16,
							"translation_options": ["do", "w stronę"]
						},
						{
							"from": 18,
							"to": 25,
							"translation_options": ["sklepu", "sklepowi"]
						},
						{
							"from": 27,
							"to": 27,
							"translation_options": ["i", "a", "oraz"]
						},
						{
							"from": 29,
							"to": 37,
							"translation_options": ["przyspieszył(em, eś, -)", "przyśpieszył(em, eś, -)"]
						},
						{
							"from": 39,
							"to": 42,
							"translation_options": ["krok", "kroku"]
						}
					]
				}
			]
		},
		"alternative_options": ["Попрямував він у бік магазину та приспішив крок."]
	}
]
